-1.77041584158393,-1.74975577557733,-1.72909570957073,-1.70843564356413,-1.68777557755753,-1.66711551155094,-1.64645544554434,-1.62579537953774,-1.60513531353114,-1.58447524752454,-1.56381518151795,-1.54315511551135,-1.52249504950475,-1.50183498349815,-1.48117491749155,-1.46051485148496,-1.43985478547836,-1.41919471947176,-1.39853465346516,-1.37787458745856,-1.35721452145197,-1.33655445544537,-1.31589438943877,-1.29523432343217,-1.27457425742557,-1.25391419141898,-1.23325412541238,-1.21259405940578,-1.19193399339918,-1.17127392739258,-1.15061386138599,-1.12995379537939,-1.10929372937279,-1.08863366336619,-1.06797359735959,-1.047313531353,-1.0266534653464,-1.0059933993398,-0.985333333333201,-0.964673267326603,-0.944013201320005
-1.69545120226286,-1.67479113625626,-1.65413107024966,-1.63347100424307,-1.61281093823647,-1.59215087222987,-1.57149080622327,-1.55083074021667,-1.53017067421008,-1.50951060820348,-1.48885054219688,-1.46819047619028,-1.44753041018368,-1.42687034417709,-1.40621027817049,-1.38555021216389,-1.36489014615729,-1.34423008015069,-1.3235700141441,-1.3029099481375,-1.2822498821309,-1.2615898161243,-1.2409297501177,-1.22026968411111,-1.19960961810451,-1.17894955209791,-1.15828948609131,-1.13762942008471,-1.11696935407812,-1.09630928807152,-1.07564922206492,-1.05498915605832,-1.03432909005172,-1.01366902404513,-0.993008958038527,-0.972348892031929,-0.951688826025331,-0.931028760018733,-0.910368694012135,-0.889708628005537,-0.869048561998939
-1.62048656294179,-1.5998264969352,-1.5791664309286,-1.558506364922,-1.5378462989154,-1.5171862329088,-1.49652616690221,-1.47586610089561,-1.45520603488901,-1.43454596888241,-1.41388590287581,-1.39322583686922,-1.37256577086262,-1.35190570485602,-1.33124563884942,-1.31058557284282,-1.28992550683623,-1.26926544082963,-1.24860537482303,-1.22794530881643,-1.20728524280983,-1.18662517680324,-1.16596511079664,-1.14530504479004,-1.12464497878344,-1.10398491277684,-1.08332484677025,-1.06266478076365,-1.04200471475705,-1.02134464875045,-1.00068458274385,-0.980024516737255,-0.959364450730657,-0.938704384724059,-0.918044318717461,-0.897384252710863,-0.876724186704265,-0.856064120697667,-0.835404054691069,-0.814743988684471,-0.794083922677873
-1.54552192362073,-1.52486185761413,-1.50420179160753,-1.48354172560093,-1.46288165959434,-1.44222159358774,-1.42156152758114,-1.40090146157454,-1.38024139556794,-1.35958132956135,-1.33892126355475,-1.31826119754815,-1.29760113154155,-1.27694106553495,-1.25628099952836,-1.23562093352176,-1.21496086751516,-1.19430080150856,-1.17364073550196,-1.15298066949537,-1.13232060348877,-1.11166053748217,-1.09100047147557,-1.07034040546897,-1.04968033946238,-1.02902027345578,-1.00836020744918,-0.987700141442581,-0.967040075435983,-0.946380009429385,-0.925719943422787,-0.905059877416189,-0.884399811409591,-0.863739745402993,-0.843079679396395,-0.822419613389797,-0.801759547383199,-0.781099481376601,-0.760439415370003,-0.739779349363405,-0.719119283356807
-1.47055728429966,-1.44989721829306,-1.42923715228647,-1.40857708627987,-1.38791702027327,-1.36725695426667,-1.34659688826007,-1.32593682225348,-1.30527675624688,-1.28461669024028,-1.26395662423368,-1.24329655822708,-1.22263649222049,-1.20197642621389,-1.18131636020729,-1.16065629420069,-1.13999622819409,-1.1193361621875,-1.0986760961809,-1.0780160301743,-1.0573559641677,-1.0366958981611,-1.01603583215451,-0.995375766147907,-0.974715700141309,-0.954055634134711,-0.933395568128113,-0.912735502121515,-0.892075436114917,-0.871415370108319,-0.850755304101721,-0.830095238095123,-0.809435172088525,-0.788775106081927,-0.768115040075329,-0.747454974068731,-0.726794908062133,-0.706134842055534,-0.685474776048937,-0.664814710042338,-0.64415464403574
-1.3955926449786,-1.374932578972,-1.3542725129654,-1.3336124469588,-1.3129523809522,-1.29229231494561,-1.27163224893901,-1.25097218293241,-1.23031211692581,-1.20965205091921,-1.18899198491262,-1.16833191890602,-1.14767185289942,-1.12701178689282,-1.10635172088622,-1.08569165487963,-1.06503158887303,-1.04437152286643,-1.02371145685983,-1.00305139085323,-0.982391324846635,-0.961731258840037,-0.941071192833439,-0.920411126826841,-0.899751060820243,-0.879090994813645,-0.858430928807047,-0.837770862800449,-0.817110796793851,-0.796450730787253,-0.775790664780655,-0.755130598774056,-0.734470532767459,-0.71381046676086,-0.693150400754262,-0.672490334747664,-0.651830268741066,-0.631170202734468,-0.61051013672787,-0.589850070721272,-0.569190004714674
-1.32062800565753,-1.29996793965093,-1.27930787364433,-1.25864780763774,-1.23798774163114,-1.21732767562454,-1.19666760961794,-1.17600754361134,-1.15534747760475,-1.13468741159815,-1.11402734559155,-1.09336727958495,-1.07270721357835,-1.05204714757176,-1.03138708156516,-1.01072701555856,-0.990066949551961,-0.969406883545363,-0.948746817538765,-0.928086751532167,-0.907426685525569,-0.886766619518971,-0.866106553512373,-0.845446487505775,-0.824786421499177,-0.804126355492579,-0.783466289485981,-0.762806223479382,-0.742146157472785,-0.721486091466186,-0.700826025459588,-0.68016595945299,-0.659505893446392,-0.638845827439794,-0.618185761433196,-0.597525695426598,-0.57686562942,-0.556205563413402,-0.535545497406804,-0.514885431400206,-0.494225365393608
-1.24566336633646,-1.22500330032987,-1.20434323432327,-1.18368316831667,-1.16302310231007,-1.14236303630347,-1.12170297029688,-1.10104290429028,-1.08038283828368,-1.05972277227708,-1.03906270627048,-1.01840264026389,-0.997742574257287,-0.977082508250689,-0.956422442244091,-0.935762376237493,-0.915102310230895,-0.894442244224297,-0.873782178217699,-0.853122112211101,-0.832462046204503,-0.811801980197905,-0.791141914191307,-0.770481848184709,-0.749821782178111,-0.729161716171512,-0.708501650164915,-0.687841584158316,-0.667181518151718,-0.64652145214512,-0.625861386138522,-0.605201320131924,-0.584541254125326,-0.563881188118728,-0.54322112211213,-0.522561056105532,-0.501900990098934,-0.481240924092336,-0.460580858085738,-0.43992079207914,-0.419260726072542
-1.1706987270154,-1.1500386610088,-1.1293785950022,-1.1087185289956,-1.08805846298901,-1.06739839698241,-1.04673833097581,-1.02607826496921,-1.00541819896261,-0.984758132956015,-0.964098066949417,-0.943438000942819,-0.922777934936221,-0.902117868929623,-0.881457802923025,-0.860797736916427,-0.840137670909829,-0.819477604903231,-0.798817538896633,-0.778157472890035,-0.757497406883437,-0.736837340876839,-0.71617727487024,-0.695517208863643,-0.674857142857044,-0.654197076850446,-0.633537010843849,-0.61287694483725,-0.592216878830652,-0.571556812824054,-0.550896746817456,-0.530236680810858,-0.50957661480426,-0.488916548797662,-0.468256482791064,-0.447596416784466,-0.426936350777868,-0.40627628477127,-0.385616218764672,-0.364956152758074,-0.344296086751476
-1.09573408769433,-1.07507402168773,-1.05441395568114,-1.03375388967454,-1.01309382366794,-0.992433757661341,-0.971773691654743,-0.951113625648145,-0.930453559641547,-0.909793493634949,-0.889133427628351,-0.868473361621753,-0.847813295615155,-0.827153229608557,-0.806493163601959,-0.78583309759536,-0.765173031588762,-0.744512965582165,-0.723852899575566,-0.703192833568968,-0.68253276756237,-0.661872701555772,-0.641212635549174,-0.620552569542576,-0.599892503535978,-0.57923243752938,-0.558572371522782,-0.537912305516184,-0.517252239509586,-0.496592173502988,-0.47593210749639,-0.455272041489792,-0.434611975483194,-0.413951909476596,-0.393291843469998,-0.3726317774634,-0.351971711456801,-0.331311645450203,-0.310651579443605,-0.289991513437007,-0.269331447430409
-1.02076944837327,-1.00010938236667,-0.979449316360069,-0.958789250353471,-0.938129184346873,-0.917469118340275,-0.896809052333677,-0.876148986327079,-0.855488920320481,-0.834828854313883,-0.814168788307285,-0.793508722300686,-0.772848656294089,-0.752188590287491,-0.731528524280892,-0.710868458274294,-0.690208392267696,-0.669548326261098,-0.6488882602545,-0.628228194247902,-0.607568128241304,-0.586908062234706,-0.566247996228108,-0.54558793022151,-0.524927864214912,-0.504267798208314,-0.483607732201716,-0.462947666195118,-0.44228760018852,-0.421627534181922,-0.400967468175324,-0.380307402168726,-0.359647336162128,-0.33898727015553,-0.318327204148932,-0.297667138142334,-0.277007072135735,-0.256347006129137,-0.235686940122539,-0.215026874115941,-0.194366808109343
-0.945804809052199,-0.925144743045601,-0.904484677039003,-0.883824611032405,-0.863164545025807,-0.842504479019209,-0.821844413012611,-0.801184347006013,-0.780524280999415,-0.759864214992817,-0.739204148986218,-0.71854408297962,-0.697884016973022,-0.677223950966424,-0.656563884959826,-0.635903818953228,-0.61524375294663,-0.594583686940032,-0.573923620933434,-0.553263554926836,-0.532603488920238,-0.51194342291364,-0.491283356907042,-0.470623290900444,-0.449963224893846,-0.429303158887248,-0.40864309288065,-0.387983026874052,-0.367322960867454,-0.346662894860856,-0.326002828854258,-0.30534276284766,-0.284682696841062,-0.264022630834464,-0.243362564827865,-0.222702498821267,-0.202042432814669,-0.181382366808071,-0.160722300801473,-0.140062234794875,-0.119402168788277
-0.870840169731133,-0.850180103724535,-0.829520037717937,-0.808859971711339,-0.788199905704741,-0.767539839698143,-0.746879773691544,-0.726219707684946,-0.705559641678348,-0.68489957567175,-0.664239509665152,-0.643579443658554,-0.622919377651956,-0.602259311645358,-0.58159924563876,-0.560939179632162,-0.540279113625564,-0.519619047618966,-0.498958981612368,-0.47829891560577,-0.457638849599172,-0.436978783592574,-0.416318717585976,-0.395658651579378,-0.37499858557278,-0.354338519566182,-0.333678453559584,-0.313018387552985,-0.292358321546387,-0.271698255539789,-0.251038189533191,-0.230378123526593,-0.209718057519995,-0.189057991513397,-0.168397925506799,-0.147737859500201,-0.127077793493603,-0.106417727487005,-0.085757661480407,-0.0650975954738089,-0.044437529467211
-0.795875530410067,-0.775215464403469,-0.75455539839687,-0.733895332390273,-0.713235266383675,-0.692575200377076,-0.671915134370478,-0.65125506836388,-0.630595002357282,-0.609934936350684,-0.589274870344086,-0.568614804337488,-0.54795473833089,-0.527294672324292,-0.506634606317694,-0.485974540311096,-0.465314474304498,-0.4446544082979,-0.423994342291302,-0.403334276284704,-0.382674210278106,-0.362014144271508,-0.34135407826491,-0.320694012258312,-0.300033946251714,-0.279373880245116,-0.258713814238518,-0.238053748231919,-0.217393682225321,-0.196733616218723,-0.176073550212125,-0.155413484205527,-0.134753418198929,-0.114093352192331,-0.093433286185733,-0.0727732201791351,-0.0521131541725369,-0.0314530881659389,-0.0107930221593409,0.00986704384725717,0.0305271098538551
-0.720910891089001,-0.700250825082402,-0.679590759075804,-0.658930693069206,-0.638270627062608,-0.61761056105601,-0.596950495049412,-0.576290429042814,-0.555630363036216,-0.534970297029618,-0.51431023102302,-0.493650165016422,-0.472990099009824,-0.452330033003226,-0.431669966996628,-0.41100990099003,-0.390349834983432,-0.369689768976834,-0.349029702970236,-0.328369636963637,-0.307709570957039,-0.287049504950442,-0.266389438943843,-0.245729372937245,-0.225069306930647,-0.204409240924049,-0.183749174917451,-0.163089108910853,-0.142429042904255,-0.121768976897657,-0.101108910891059,-0.080448844884461,-0.0597887788778629,-0.039128712871265,-0.0184686468646668,0.00219141914193116,0.0228514851485293,0.0435115511551273,0.0641716171617253,0.0848316831683234,0.105491749174921
-0.645946251767934,-0.625286185761336,-0.604626119754738,-0.58396605374814,-0.563305987741542,-0.542645921734944,-0.521985855728346,-0.501325789721748,-0.48066572371515,-0.460005657708552,-0.439345591701954,-0.418685525695356,-0.398025459688758,-0.37736539368216,-0.356705327675562,-0.336045261668964,-0.315385195662366,-0.294725129655767,-0.274065063649169,-0.253404997642571,-0.232744931635973,-0.212084865629375,-0.191424799622777,-0.170764733616179,-0.150104667609581,-0.129444601602983,-0.108784535596385,-0.088124469589787,-0.067464403583189,-0.046804337576591,-0.0261442715699929,-0.00548420556339485,0.0151758604432032,0.0358359264498012,0.0564959924563993,0.0771560584629973,0.0978161244695954,0.118476190476193,0.139136256482791,0.15979632248939,0.180456388495987
-0.570981612446868,-0.55032154644027,-0.529661480433672,-0.509001414427074,-0.488341348420476,-0.467681282413878,-0.44702121640728,-0.426361150400682,-0.405701084394084,-0.385041018387486,-0.364380952380888,-0.343720886374289,-0.323060820367692,-0.302400754361093,-0.281740688354495,-0.261080622347897,-0.240420556341299,-0.219760490334701,-0.199100424328103,-0.178440358321505,-0.157780292314907,-0.137120226308309,-0.116460160301711,-0.095800094295113,-0.075140028288515,-0.0544799622819169,-0.033819896275319,-0.0131598302687208,0.00750023573787723,0.0281603017444753,0.0488203677510733,0.0694804337576714,0.0901404997642694,0.110800565770867,0.131460631777466,0.152120697784064,0.172780763790662,0.19344082979726,0.214100895803858,0.234760961810456,0.255421027817054
-0.496016973125802,-0.475356907119204,-0.454696841112606,-0.434036775106008,-0.41337670909941,-0.392716643092812,-0.372056577086214,-0.351396511079616,-0.330736445073018,-0.31007637906642,-0.289416313059821,-0.268756247053223,-0.248096181046625,-0.227436115040027,-0.206776049033429,-0.186115983026831,-0.165455917020233,-0.144795851013635,-0.124135785007037,-0.103475719000439,-0.082815652993841,-0.062155586987243,-0.0414955209806449,-0.0208354549740469,-0.000175388967448842,0.0204846770391492,0.0411447430457472,0.0618048090523454,0.0824648750589433,0.103124941065541,0.123785007072139,0.144445073078737,0.165105139085336,0.185765205091934,0.206425271098532,0.22708533710513,0.247745403111728,0.268405469118326,0.289065535124924,0.309725601131522,0.33038566713812
-0.421052333804736,-0.400392267798138,-0.37973220179154,-0.359072135784942,-0.338412069778344,-0.317752003771746,-0.297091937765147,-0.276431871758549,-0.255771805751951,-0.235111739745353,-0.214451673738755,-0.193791607732157,-0.173131541725559,-0.152471475718961,-0.131811409712363,-0.111151343705765,-0.090491277699167,-0.069831211692569,-0.0491711456859709,-0.0285110796793729,-0.00785101367277485,0.0128090523338231,0.0334691183404213,0.0541291843470193,0.0747892503536173,0.0954493163602154,0.116109382366813,0.136769448373412,0.15742951438001,0.178089580386608,0.198749646393206,0.219409712399804,0.240069778406402,0.260729844413,0.281389910419598,0.302049976426196,0.322710042432794,0.343370108439392,0.36403017444599,0.384690240452588,0.405350306459186
-0.34608769448367,-0.325427628477072,-0.304767562470473,-0.284107496463875,-0.263447430457277,-0.242787364450679,-0.222127298444081,-0.201467232437483,-0.180807166430885,-0.160147100424287,-0.139487034417689,-0.118826968411091,-0.098166902404493,-0.077506836397895,-0.0568467703912969,-0.0361867043846989,-0.0155266383781008,0.00513342762849722,0.0257934936350953,0.0464535596416933,0.0671136256482913,0.0877736916548893,0.108433757661487,0.129093823668085,0.149753889674684,0.170413955681282,0.19107402168788,0.211734087694478,0.232394153701076,0.253054219707674,0.273714285714272,0.29437435172087,0.315034417727468,0.335694483734066,0.356354549740664,0.377014615747262,0.39767468175386,0.418334747760458,0.438994813767056,0.459654879773654,0.480314945780252
-0.271123055162603,-0.250462989156005,-0.229802923149407,-0.209142857142809,-0.188482791136211,-0.167822725129613,-0.147162659123015,-0.126502593116417,-0.105842527109819,-0.085182461103221,-0.0645223950966229,-0.0438623290900249,-0.0232022630834268,-0.00254219707682879,0.0181178689297693,0.0387779349363673,0.0594380009429654,0.0800980669495634,0.100758132956161,0.12141819896276,0.142078264969358,0.162738330975955,0.183398396982554,0.204058462989152,0.22471852899575,0.245378595002348,0.266038661008946,0.286698727015544,0.307358793022142,0.32801885902874,0.348678925035338,0.369338991041936,0.389999057048534,0.410659123055132,0.43131918906173,0.451979255068328,0.472639321074926,0.493299387081524,0.513959453088122,0.53461951909472,0.555279585101318
-0.196158415841537,-0.175498349834939,-0.154838283828341,-0.134178217821743,-0.113518151815145,-0.092858085808547,-0.0721980198019489,-0.0515379537953509,-0.0308778877887528,-0.0102178217821548,0.0104422442244432,0.0311023102310413,0.0517623762376394,0.0724224422442374,0.0930825082508354,0.113742574257433,0.134402640264032,0.15506270627063,0.175722772277228,0.196382838283826,0.217042904290424,0.237702970297022,0.25836303630362,0.279023102310218,0.299683168316816,0.320343234323414,0.341003300330012,0.36166336633661,0.382323432343208,0.402983498349806,0.423643564356404,0.444303630363002,0.4649636963696,0.485623762376198,0.506283828382796,0.526943894389394,0.547603960395993,0.56826402640259,0.588924092409189,0.609584158415787,0.630244224422384
-0.121193776520471,-0.100533710513873,-0.079873644507275,-0.0592135785006769,-0.0385535124940789,-0.0178934464874808,0.00276661951911725,0.0234266855257153,0.0440867515323133,0.0647468175389114,0.0854068835455094,0.106066949552107,0.126727015558706,0.147387081565304,0.168047147571902,0.1887072135785,0.209367279585098,0.230027345591696,0.250687411598294,0.271347477604892,0.29200754361149,0.312667609618088,0.333327675624686,0.353987741631284,0.374647807637882,0.39530787364448,0.415967939651078,0.436628005657676,0.457288071664274,0.477948137670872,0.49860820367747,0.519268269684068,0.539928335690666,0.560588401697264,0.581579142561374,0.603620862935977,0.625769129521567,0.648023942318146,0.670385301325714,0.69285320654427,0.715427657973815
-0.0461693981680164,-0.0255143104140338,-0.00485922266005134,0.0157958650939312,0.0364509528479137,0.0571060406018962,0.0777611283558787,0.0984162161098612,0.119071303863844,0.139726391617826,0.160381479371809,0.181036567125791,0.201691654879774,0.222422014403901,0.243555630027375,0.264795791861839,0.28614249990729,0.307595754163731,0.329155554631159,0.350821901309577,0.372594794198983,0.394474233299377,0.416460218610761,0.438552750133132,0.460751827866492,0.483057451810841,0.505469621966178,0.527988338332504,0.550613600909819,0.573345409698122,0.596183764697413,0.619128665907693,0.642180113328962,0.665338106961219,0.688602646804465,0.711973732858699,0.735451365123922,0.759035543600133,0.782726268287333,0.806523539185522,0.830427356294699
0.0290483726419842,0.0496823661052229,0.0703163595684616,0.0909503530317003,0.111584346494939,0.132218339958178,0.152852333421416,0.173486326884655,0.194120320347894,0.214754313811133,0.235388307274371,0.25602230073761,0.276656294200849,0.297316360207449,0.31797642621405,0.338636492220651,0.359296558227251,0.381365420754217,0.404254586901278,0.427250299259327,0.450352557828366,0.473561362608392,0.496876713599408,0.520298610801412,0.543827054214404,0.567462043838385,0.591203579673355,0.615051661719313,0.63900628997626,0.663067464444195,0.687235185123119,0.711509452013031,0.735890265113932,0.760377624425822,0.7849715299487,0.809671981682566,0.834478979627421,0.859392523783265,0.884412614150097,0.909539250727918,0.934772433516727
0.104266143451985,0.12487904262448,0.145491941796975,0.16610484096947,0.186717740141964,0.207330639314459,0.227943538486954,0.248556437659449,0.269169336831944,0.289782236004439,0.310395135176934,0.331008034349429,0.351620933521924,0.372280999528524,0.392941065535125,0.413601131541726,0.434261197548326,0.454921263554927,0.475581329561528,0.496241395568128,0.517455700358893,0.541993870818552,0.5666385874892,0.591389850370836,0.616247659463461,0.641212014767074,0.666282916281676,0.691460364007267,0.716744357943846,0.742134898091413,0.767631984449969,0.793235617019514,0.818945795800047,0.844762520791569,0.870685791994079,0.896715609407578,0.922851973032065,0.949094882867541,0.975444338914006,1.00190034117146,1.0284628896399
0.112636862660095,0.136142471957477,0.159648081254859,0.18315369055224,0.206659299849622,0.230164909147003,0.253670518444385,0.277176127741767,0.300681737039148,0.32418734633653,0.347692955633912,0.371198564931293,0.394704174228675,0.41919313369631,0.443682093163944,0.468171052631579,0.492660012099214,0.517148971566848,0.541637931034483,0.566126890502117,0.590615849969752,0.612526166902404,0.633186232909005,0.653846298915606,0.678013643613662,0.704307364596908,0.730707631791142,0.757214445196365,0.783827804812576,0.810547710639776,0.83530283856211,0.85977137121897,0.884239903875831,0.908708436532691,0.933176969189552,0.957518106631182,0.980280677927133,1.00283302483322,1.02517514734945,1.04730704547582,1.06922871921232
0.0240138207203654,0.0546400132162939,0.0852662057122222,0.115892398208151,0.146518590704079,0.177144783200007,0.207770975695936,0.238397168191864,0.269023360687793,0.299649553183721,0.33027574567965,0.360901938175578,0.391528130671506,0.416017090139141,0.440506049606776,0.46499500907441,0.489483968542045,0.513972928009679,0.539506993006993,0.575724358974359,0.611941724941725,0.648159090909091,0.684376456876457,0.720593822843823,0.756811188811189,0.713402097902098,0.710212463449181,0.728663509621193,0.746904331403343,0.764934928795631,0.782755301798058,0.800365450410623,0.817765374633327,0.834955074466168,0.851934549909148,0.868703800962267,0.885262827625524,0.901611629898919,0.917750207782452,0.933678561276124,0.949396690379934
-0.0631037846319404,-0.0264630087196296,0.0101777671926812,0.0468185431049921,0.0834593190173029,0.120100094929614,0.156740870841925,0.193381646754235,0.230022422666546,0.266663198578857,0.303303974491168,0.339944750403479,0.37658552631579,0.427810855263158,0.478553613053613,0.514770979020979,0.550988344988345,0.587205710955711,0.623423076923077,0.659640442890443,0.695857808857809,0.732075174825175,0.768292540792541,0.804509906759907,0.840727272727273,0.797318181818182,0.753909090909091,0.7105,0.722537277149456,0.734364329909049,0.745981158278782,0.757387762258653,0.768584141848662,0.779570297048809,0.790346227859094,0.800911934279519,0.811267416310081,0.821412673950781,0.83134770720162,0.841072516062597,0.850587100533713
-0.144347235456846,-0.106007443905618,-0.0676676523543896,-0.0293278608031611,0.00901193074806728,0.0473517222992957,0.0856915138505242,0.124031305401753,0.162371096952981,0.200710888504209,0.239050680055438,0.277390471606666,0.315730263157895,0.366955592105263,0.418180921052632,0.46940625,0.520631578947369,0.571856907894737,0.623082236842105,0.674307565789474,0.725532894736842,0.77675822368421,0.827983552631579,0.879208881578947,0.924643356643357,0.881234265734266,0.837825174825175,0.794416083916084,0.751006993006993,0.724816170008634,0.730229453745672,0.735432513092849,0.740425348050163,0.745207958617616,0.749780344795207,0.754142506582937,0.758294443980805,0.762236156988811,0.765967645606955,0.769488909835238,0.77279994967366
-0.225590686281752,-0.185551879091606,-0.14551307190146,-0.105474264711314,-0.0654354575211683,-0.0253966503310223,0.0146421568591238,0.0546809640492698,0.0947197712394159,0.134758578429562,0.174797385619708,0.214836192809854,0.254875,0.306100328947368,0.357325657894737,0.408550986842105,0.459776315789474,0.511001644736842,0.562226973684211,0.613452302631579,0.628262361251261,0.633509586276488,0.638756811301715,0.644004036326942,0.649251261352169,0.654498486377396,0.659745711402624,0.664992936427851,0.670240161453078,0.711051282051282,0.726025,0.721639572295042,0.717254144590085,0.712868716885127,0.70848328918017,0.704097861475212,0.699712433770255,0.695327006065297,0.69094157836034,0.686556150655382,0.682170722950425
-0.306834137106658,-0.265096314277595,-0.223358491448531,-0.181620668619468,-0.139882845790404,-0.0981450229613403,-0.0564072001322766,-0.0146693773032129,0.0270684455258507,0.0688062683549143,0.110544091183978,0.152281914013042,0.194019736842105,0.245245065789474,0.296470394736842,0.311662966700302,0.31691019172553,0.324974358974359,0.365961538461539,0.406948717948718,0.447935897435897,0.488923076923077,0.529910256410256,0.570897435897436,0.611884615384615,0.652871794871795,0.693858974358974,0.711145,0.703188333333333,0.695231666666667,0.687275,0.677459797376735,0.66764459475347,0.657829392130205,0.64801418950694,0.638198986883675,0.62838378426041,0.618568581637144,0.608753379013879,0.598938176390614,0.589122973767349
-0.340604499988715,-0.299353339965501,-0.258102179942287,-0.216851019919072,-0.175599859895858,-0.134348699872644,-0.0930975398494299,-0.0518463798262158,-0.0105952198030016,0.0306559402202126,0.0719071002434267,0.113158260266641,0.154409420289855,0.19976268115942,0.245115942028986,0.290469202898551,0.335822463768116,0.381175724637681,0.426528985507246,0.471882246376812,0.517235507246377,0.562588768115942,0.607942028985507,0.653295289855072,0.691188916876574,0.700294985250737,0.683855457227139,0.672395,0.664438333333333,0.656481666666667,0.648525,0.633280022458427,0.618035044916855,0.602790067375282,0.587545089833709,0.572300112292137,0.557055134750564,0.541810157208992,0.526565179667419,0.511320202125846,0.496075224584274
-0.336464699117849,-0.297445599795226,-0.258426500472603,-0.219407401149981,-0.180388301827358,-0.141369202504735,-0.102350103182113,-0.06333100385949,-0.0243119045368674,0.0147071947857552,0.0537262941083779,0.0927453934310006,0.131764492753623,0.177117753623188,0.222471014492754,0.267824275362319,0.313177536231884,0.358530797101449,0.403884057971015,0.44923731884058,0.485518052057095,0.518673803526448,0.551829554995802,0.584985306465155,0.618141057934509,0.651296809403862,0.684452560873216,0.717608312342569,0.750533923303835,0.734094395280236,0.717654867256637,0.7313000021005,0.744945136944362,0.758590271788225,0.772235406632087,0.78588054147595,0.799525676319812,0.813170811163675,0.826815946007537,0.8404610808514,0.854106215695262
-0.332324898246982,-0.295537859624951,-0.25875082100292,-0.221963782380889,-0.185176743758858,-0.148389705136827,-0.111602666514795,-0.0748156278927644,-0.0380285892707332,-0.00124155064870209,0.035545487973329,0.0723325265953602,0.109119565217391,0.154472826086957,0.199826086956522,0.245179347826087,0.279847187237615,0.313002938706969,0.346158690176322,0.379314441645676,0.412470193115029,0.445625944584383,0.478781696053736,0.51193744752309,0.545917613636364,0.580835700757576,0.615753787878788,0.650671875,0.685589962121212,0.722763333333333,0.76016,0.7957591752241,0.831358350448201,0.866957525672301,0.902556700896401,0.938155876120501,0.973755051344601,1.0093542265687,1.0449534017928,1.0805525770169,1.116151752241
-0.324614395710534,-0.290178513409319,-0.255742631108104,-0.221306748806889,-0.186870866505673,-0.152434984204458,-0.117999101903243,-0.0835632196020279,-0.0491273373008127,-0.0146914549995976,0.0197444273016176,0.0541803096028328,0.0886161919040481,0.123068715642179,0.15752123938031,0.191973763118441,0.226426286856572,0.260929292929293,0.295454545454546,0.329979797979798,0.364505050505051,0.399030303030303,0.433555555555556,0.468080808080808,0.502606060606061,0.538176666666667,0.575573333333333,0.61297,0.650366666666667,0.687763333333333,0.72516,0.760140481721823,0.795120963443646,0.830101445165468,0.865081926887291,0.900062408609114,0.935042890330937,0.97002337205276,1.00500385377458,1.03998433549641,1.07496481721823
-0.305840571620071,-0.274124846823645,-0.24240912202722,-0.210693397230795,-0.17897767243437,-0.147261947637945,-0.115546222841519,-0.0838304980450943,-0.0521147732486692,-0.020399048452244,0.0113166763441812,0.0430324011406064,0.0747481259370316,0.109200649675162,0.143653173413293,0.178105697151424,0.212558220889555,0.247010744627686,0.281463268365817,0.315915792103948,0.350368315842079,0.38482083958021,0.419273363318341,0.453725887056472,0.488178410794603,0.522630934532734,0.557083458270864,0.591535982008996,0.623146315223238,0.651234803657881,0.680315789473684,0.714260317871795,0.748204846269905,0.782149374668015,0.816093903066126,0.850038431464236,0.883982959862347,0.917927488260457,0.951872016658567,0.985816545056678,1.01976107345479
-0.287066747529607,-0.258071180237972,-0.229075612946337,-0.200080045654701,-0.171084478363066,-0.142088911071431,-0.113093343779796,-0.0840977764881607,-0.0551022091965256,-0.0261066419048904,0.00288892538674469,0.0318844926783799,0.060880059970015,0.0953325837081459,0.129785107446277,0.164237631184408,0.198690154922539,0.230794782140936,0.258883270575578,0.286971759010221,0.315060247444863,0.343148735879505,0.371237224314148,0.39932571274879,0.427414201183432,0.455502689618074,0.483591178052717,0.511679666487359,0.540719298245614,0.571043859649123,0.601368421052632,0.632831488888486,0.664294556724341,0.695757624560196,0.72722069239605,0.758683760231905,0.79014682806776,0.821609895903615,0.853072963739469,0.884536031575324,0.915999099411179
-0.251236028869954,-0.225312950706549,-0.199389872543143,-0.173466794379738,-0.147543716216333,-0.121620638052928,-0.0956975598895224,-0.0697744817261172,-0.0438514035627119,-0.0179283253993067,0.0079947527640986,0.0339178309275039,0.0598409090909091,0.0773744081439394,0.0949079071969697,0.11244140625,0.12997490530303,0.147508404356061,0.175505110274341,0.203593598708983,0.231682087143626,0.259770575578268,0.28785906401291,0.315947552447553,0.344036040882195,0.372124529316837,0.401122807017544,0.431447368421053,0.461771929824562,0.49209649122807,0.522421052631579,0.551402659905178,0.580384267178777,0.609365874452376,0.638347481725975,0.667329088999574,0.696310696273173,0.725292303546772,0.754273910820371,0.78325551809397,0.812237125367569
-0.20284954059687,-0.180258306784505,-0.157667072972139,-0.135075839159774,-0.112484605347408,-0.089893371535043,-0.0673021377226775,-0.0447109039103121,-0.0221196700979466,0.00047156371441881,0.0230627975267843,0.0456540313391497,0.0682452651515152,0.0857787642045455,0.103312263257576,0.120845762310606,0.138379261363636,0.155912760416667,0.173446259469697,0.190979758522727,0.208513257575758,0.226046756628788,0.243580255681818,0.261113754734848,0.272149163879599,0.298246265328874,0.324343366778149,0.3525,0.382824561403509,0.413149122807017,0.443473684210526,0.46997383092187,0.496473977633213,0.522974124344556,0.549474271055899,0.575974417767243,0.602474564478586,0.628974711189929,0.655474857901273,0.681975004612616,0.708475151323959
-0.154463052323786,-0.135203662862461,-0.115944273401135,-0.0966848839398095,-0.0774254944784839,-0.0581661050171583,-0.0389067155558326,-0.019647326094507,-0.000387936633181332,0.0188714528281443,0.0381308422894699,0.0573902317507956,0.0766496212121213,0.0941831202651515,0.111716619318182,0.129250118371212,0.146783617424242,0.164317116477273,0.181850615530303,0.199384114583333,0.216917613636364,0.234451112689394,0.251387848383501,0.24939392419175,0.2474,0.273497101449275,0.299594202898551,0.325691304347826,0.351788405797101,0.377885507246377,0.409987720644666,0.436909350628178,0.46383098061169,0.490752610595202,0.517674240578714,0.544595870562226,0.571517500545737,0.598439130529249,0.625360760512761,0.652282390496273,0.679204020479785
-0.106076564050703,-0.0901490189404169,-0.0742214738301311,-0.0582939287198452,-0.0423663836095594,-0.0264388384992736,-0.0105112933889877,0.0054162517212981,0.0213437968315839,0.0372713419418698,0.0531988870521556,0.0691264321624415,0.0850539772727273,0.102587476325758,0.120120975378788,0.137654474431818,0.155187973484849,0.172721472537879,0.190254971590909,0.207788470643939,0.22532196969697,0.228632608695652,0.226638684503902,0.224644760312152,0.222650836120401,0.248747937569677,0.274845039018952,0.300942140468227,0.327039241917503,0.359812356101305,0.393487336914812,0.421915066548189,0.450342796181567,0.478770525814944,0.507198255448322,0.535625985081699,0.564053714715077,0.592481444348454,0.620909173981832,0.649336903615209,0.677764633248586
-0.0576900757776189,-0.0450943750183729,-0.0324986742591269,-0.0199029734998809,-0.00730727274063483,0.00528842801861118,0.0178841287778572,0.0304798295371032,0.0430755302963493,0.0556712310555953,0.0682669318148413,0.0808626325740873,0.0934583333333334,0.110991832386364,0.128525331439394,0.146058830492424,0.163592329545455,0.181125828598485,0.198659327651515,0.207871293199554,0.205877369007804,0.203883444816054,0.201889520624303,0.199895596432553,0.197901672240803,0.223998773690078,0.250095875139353,0.276192976588629,0.309636991557943,0.343311972371451,0.376986953184958,0.406920782468201,0.436854611751444,0.466788441034687,0.49672227031793,0.526656099601173,0.556589928884416,0.586523758167659,0.616457587450902,0.646391416734145,0.676325246017388
-0.00930358750453519,-3.97310963289738e-05,0.00922412531187723,0.0184879817200835,0.0277518381282897,0.0370156945364959,0.0462795509447021,0.0555434073529083,0.0648072637611145,0.0740711201693208,0.083334976577527,0.0925988329857332,0.101862689393939,0.11939618844697,0.1369296875,0.15446318655303,0.171996685606061,0.187109977703456,0.185116053511706,0.183122129319955,0.181128205128205,0.179134280936455,0.177140356744705,0.175146432552954,0.173152508361204,0.199249609810479,0.225786646201074,0.259461627014582,0.293136607828089,0.326811588641596,0.360486569455104,0.391926498388212,0.423366427321321,0.454806356254429,0.486246285187538,0.517686214120647,0.549126143053755,0.580566071986864,0.612006000919972,0.643445929853081,0.674885858786189
0.0390829007685485,0.045014912825715,0.0509469248828814,0.0568789369400478,0.0628109489972142,0.0687429610543806,0.074674973111547,0.0806069851687134,0.0865389972258798,0.0924710092830462,0.0984030213402126,0.104335033397379,0.110267045454546,0.127800544507576,0.145334043560606,0.162867542613636,0.164354738015608,0.162360813823857,0.160366889632107,0.158372965440357,0.156379041248606,0.154385117056856,0.152391192865106,0.150397268673356,0.148403344481605,0.175611281657713,0.20928626247122,0.242961243284728,0.276636224098235,0.310311204911742,0.343986185725249,0.376932214308224,0.409878242891198,0.442824271474172,0.475770300057146,0.50871632864012,0.541662357223094,0.574608385806069,0.607554414389043,0.640500442972017,0.673446471554991
0.0874693890416323,0.0900695567477589,0.0926697244538855,0.0952698921600121,0.0978700598661387,0.100470227572265,0.103070395278392,0.105670562984519,0.108270730690645,0.110870898396772,0.113471066102898,0.116071233809025,0.118671401515152,0.136204900568182,0.14359342251951,0.141599498327759,0.139605574136009,0.137611649944259,0.135617725752508,0.133623801560758,0.131629877369008,0.129635953177258,0.12828771742989,0.12798251686191,0.12767731629393,0.161871139510117,0.196064962726304,0.230258785942492,0.264452609158679,0.298646432374867,0.322955056179775,0.355628995775706,0.388302935371637,0.420976874967568,0.453650814563498,0.486324754159429,0.51899869375536,0.551672633351291,0.584346572947221,0.617020512543152,0.649694452139083
0.128878594249201,0.128573393681221,0.128268193113241,0.127962992545261,0.127657791977281,0.127352591409301,0.12704739084132,0.12674219027334,0.12643698970536,0.126189789345356,0.126182130098804,0.126423865240964,0.126914994771837,0.12491098686546,0.12460578629748,0.124300585729499,0.123995385161519,0.123690184593539,0.123384984025559,0.123079783457579,0.122774582889599,0.122469382321619,0.122164181753639,0.121858981185659,0.121553780617678,0.155747603833866,0.189941427050053,0.224135250266241,0.255187265917603,0.276430711610487,0.297674157303371,0.328408094539654,0.359142031775937,0.389875969012219,0.420609906248502,0.451343843484785,0.482077780721068,0.512811717957351,0.543545655193634,0.574279592429917,0.6050135296662
0.0941974857783994,0.0949758218175657,0.0960035522454446,0.097280677062036,0.09880719626734,0.100583109861356,0.102608417844085,0.104883120215527,0.107407216975681,0.110180708124548,0.113203593662127,0.116475873588418,0.119997547903423,0.123768616607139,0.127789079699569,0.13205893718071,0.136578189050565,0.118918140144073,0.117261448349308,0.116956247781328,0.116651047213348,0.116345846645367,0.116040646077387,0.115735445509407,0.115430244941427,0.149624068157615,0.183817891373802,0.208662921348315,0.229906367041198,0.251149812734082,0.272393258426966,0.301187193303601,0.329981128180236,0.358775063056871,0.387568997933506,0.416362932810141,0.445156867686777,0.473950802563412,0.502744737440047,0.531538672316682,0.560332607193317
0.0259740626291524,0.0297829434524503,0.0338412186644609,0.0381488882651839,0.0427059522546195,0.0475124106327677,0.0525682633996284,0.0578735105552016,0.0634281520994872,0.0692321880324855,0.0752856183541962,0.0815884430646196,0.0881406621637555,0.0949422756516038,0.101993283528165,0.109293685793438,0.116843482447424,0.124642673490123,0.132691258921534,0.140989238741657,0.13943287491814,0.120730844793713,0.109917110401136,0.109611909833156,0.109306709265176,0.140895131086142,0.162138576779026,0.18338202247191,0.204625468164794,0.225868913857678,0.247112359550562,0.273966292067549,0.300820224584536,0.327674157101523,0.354528089618511,0.381382022135498,0.408235954652485,0.435089887169472,0.461943819686459,0.488797752203446,0.515651684720434
-0.0671887993913478,-0.0603493737839182,-0.053260553787776,-0.0459223394029213,-0.0383347306293542,-0.0304977274670744,-0.0224113299160821,-0.0140755379763772,-0.00549035164795988,0.00334422906917006,0.0124282041750125,0.0217615736695674,0.0313443375528349,0.041176495824815,0.0512580484855075,0.0615889955349127,0.0721693369730303,0.0829990727998604,0.0940782030154031,0.105406727619658,0.116984646612626,0.128811959994306,0.140888667764699,0.153214769923805,0.14124557956778,0.122543549443353,0.136857677902622,0.158101123595506,0.179344569288389,0.200588014981273,0.221831460674157,0.246745390831497,0.271659320988836,0.296573251146175,0.321487181303515,0.346401111460854,0.371315041618193,0.396228971775532,0.421142901932872,0.446056832090211,0.47097076224755
-0.185291100283102,-0.17542112989154,-0.165301765111266,-0.15493300594228,-0.144314852384581,-0.13344730443817,-0.122330362103046,-0.110964025379209,-0.0993482942666603,-0.0874831687653987,-0.0753686488754246,-0.063004734596738,-0.0503914259293388,-0.0375287228732272,-0.024416625428403,-0.0110551335948662,0.00255575262738306,0.0164160332383449,0.0305257082380193,0.044884777626406,0.0594932414035055,0.0743510995693174,0.0894583521238419,0.104814999067079,0.120421040399028,0.136276476119691,0.152381306229065,0.161760314341847,0.154063670411985,0.175307116104869,0.196550561797753,0.219524489595444,0.242498417393136,0.265472345190827,0.288446272988519,0.31142020078621,0.334394128583901,0.357368056381593,0.380341984179284,0.403315911976976,0.426289839774667
-0.328332840046108,-0.315432324870415,-0.30228241530601,-0.288883111352892,-0.275234413011061,-0.261336320280518,-0.247188833161263,-0.232791951653295,-0.218145675756614,-0.203250005471221,-0.188104940797115,-0.172710481734297,-0.157066628282766,-0.141173380442523,-0.125030738213567,-0.108638701595899,-0.0919972705895176,-0.075106445194424,-0.057966225410618,-0.0405766112380995,-0.0229376026768684,-0.0050491997269248,0.0130885976117312,0.0314757893390999,0.050112375455181,0.0689983559599748,0.0881337308534811,0.107539325842691,0.128782771535577,0.150026217228462,0.171269662921348,0.192513108614233,0.213756554307119,0.235000000000004,0.25624344569289,0.277486891385775,0.298730337078661,0.319973782771547,0.341217228464432,0.362460674157317,0.383704119850203
-0.491314606741626,-0.47007116104874,-0.448827715355854,-0.427584269662969,-0.406340823970083,-0.385097378277198,-0.363853932584312,-0.342610486891427,-0.321367041198542,-0.300123595505656,-0.27888014981277,-0.257636704119885,-0.236393258426999,-0.215149812734114,-0.193906367041228,-0.172662921348343,-0.151419475655457,-0.130176029962572,-0.108932584269686,-0.0876891385768009,-0.0664456928839154,-0.04520224719103,-0.0239588014981444,-0.00271535580525897,0.0185280898876266,0.0397715355805121,0.0610149812733975,0.0822584269662831,0.103501872659169,0.124745318352054,0.14598876404494,0.167232209737825,0.188475655430711,0.209719101123596,0.230962546816482,0.252205992509367,0.273449438202253,0.294692883895138,0.315936329588024,0.337179775280909,0.358423220973795
-0.516595505618034,-0.495352059925148,-0.474108614232263,-0.452865168539377,-0.431621722846492,-0.410378277153606,-0.389134831460721,-0.367891385767835,-0.34664794007495,-0.325404494382064,-0.304161048689179,-0.282917602996293,-0.261674157303408,-0.240430711610522,-0.219187265917637,-0.197943820224751,-0.176700374531866,-0.15545692883898,-0.134213483146095,-0.112970037453209,-0.0917265917603238,-0.0704831460674384,-0.0492397003745528,-0.0279962546816673,-0.00675280898878183,0.0144906367041037,0.0357340823969891,0.0569775280898748,0.0782209737827602,0.0994644194756457,0.120707865168531,0.141951310861417,0.163194756554302,0.184438202247188,0.205681647940073,0.226925093632959,0.248168539325844,0.26941198501873,0.290655430711615,0.311898876404501,0.333142322097386
-0.541876404494442,-0.520632958801557,-0.499389513108671,-0.478146067415786,-0.4569026217229,-0.435659176030015,-0.414415730337129,-0.393172284644244,-0.371928838951358,-0.350685393258473,-0.329441947565587,-0.308198501872702,-0.286955056179816,-0.265711610486931,-0.244468164794045,-0.22322471910116,-0.201981273408274,-0.180737827715389,-0.159494382022503,-0.138250936329618,-0.117007490636732,-0.0957640449438468,-0.0745205992509611,-0.0532771535580757,-0.0320337078651902,-0.0107902621723047,0.0104531835205808,0.0316966292134664,0.0529400749063518,0.0741835205992373,0.0954269662921229,0.116670411985008,0.137913857677894,0.159157303370779,0.180400749063665,0.20164419475655,0.222887640449436,0.244131086142321,0.265374531835207,0.286617977528092,0.307861423220978
-0.567157303370851,-0.545913857677965,-0.52467041198508,-0.503426966292194,-0.482183520599309,-0.460940074906423,-0.439696629213538,-0.418453183520652,-0.397209737827767,-0.375966292134881,-0.354722846441996,-0.33347940074911,-0.312235955056225,-0.290992509363339,-0.269749063670454,-0.248505617977568,-0.227262172284683,-0.206018726591797,-0.184775280898912,-0.163531835206026,-0.142288389513141,-0.121044943820255,-0.0998014981273695,-0.078558052434484,-0.0573146067415986,-0.036071161048713,-0.0148277153558276,0.00641573033705803,0.0276591760299434,0.048902621722829,0.0701460674157145,0.0913895131086,0.112632958801486,0.133876404494371,0.155119850187256,0.176363295880142,0.197606741573028,0.218850187265913,0.240093632958798,0.261337078651684,0.28258052434457
-0.592438202247259,-0.571194756554373,-0.549951310861488,-0.528707865168603,-0.507464419475717,-0.486220973782831,-0.464977528089946,-0.44373408239706,-0.422490636704175,-0.401247191011289,-0.380003745318404,-0.358760299625518,-0.337516853932633,-0.316273408239747,-0.295029962546862,-0.273786516853976,-0.252543071161091,-0.231299625468205,-0.21005617977532,-0.188812734082434,-0.167569288389549,-0.146325842696663,-0.125082397003778,-0.103838951310892,-0.0825955056180069,-0.0613520599251214,-0.0401086142322359,-0.0188651685393503,0.00237827715353509,0.0236217228464206,0.0448651685393061,0.0661086142321917,0.0873520599250772,0.108595505617963,0.129838951310848,0.151082397003734,0.172325842696619,0.193569288389505,0.21481273408239,0.236056179775276,0.257299625468161
-0.617719101123667,-0.596475655430782,-0.575232209737896,-0.553988764045011,-0.532745318352125,-0.51150187265924,-0.490258426966354,-0.469014981273469,-0.447771535580583,-0.426528089887698,-0.405284644194812,-0.384041198501927,-0.362797752809041,-0.341554307116156,-0.32031086142327,-0.299067415730385,-0.277823970037499,-0.256580524344614,-0.235337078651728,-0.214093632958843,-0.192850187265957,-0.171606741573072,-0.150363295880186,-0.129119850187301,-0.107876404494415,-0.0866329588015297,-0.0653895131086443,-0.0441460674157587,-0.0229026217228733,-0.00165917602998775,0.0195842696628978,0.0408277153557833,0.0620711610486688,0.0833146067415542,0.10455805243444,0.125801498127325,0.147044943820211,0.168288389513096,0.189531835205982,0.210775280898867,0.232018726591753
-0.643000000000076,-0.62175655430719,-0.600513108614305,-0.579269662921419,-0.558026217228534,-0.536782771535648,-0.515539325842763,-0.494295880149877,-0.473052434456992,-0.451808988764106,-0.430565543071221,-0.409322097378335,-0.38807865168545,-0.366835205992564,-0.345591760299679,-0.324348314606793,-0.303104868913908,-0.281861423221022,-0.260617977528137,-0.239374531835251,-0.218131086142366,-0.19688764044948,-0.175644194756595,-0.154400749063709,-0.133157303370824,-0.111913857677938,-0.0906704119850527,-0.0694269662921671,-0.0481835205992817,-0.0269400749063961,-0.00569662921351061,0.0155468164793749,0.0367902621722604,0.0580337078651459,0.0792771535580314,0.100520599250917,0.121764044943802,0.143007490636688,0.164250936329573,0.185494382022459,0.206737827715344
-0.668280898876484,-0.647037453183599,-0.625794007490713,-0.604550561797828,-0.583307116104942,-0.562063670412057,-0.540820224719171,-0.519576779026286,-0.4983333333334,-0.477089887640515,-0.455846441947629,-0.434602996254744,-0.413359550561858,-0.392116104868973,-0.370872659176087,-0.349629213483202,-0.328385767790316,-0.30714232209743,-0.285898876404545,-0.264655430711659,-0.243411985018774,-0.222168539325889,-0.200925093633003,-0.179681647940118,-0.158438202247232,-0.137194756554346,-0.115951310861461,-0.0947078651685754,-0.07346441947569,-0.0522209737828045,-0.030977528089919,-0.00973408239703344,0.0115093632958521,0.0327528089887375,0.053996254681623,0.0752397003745086,0.0964831460673941,0.11772659176028,0.138970037453165,0.160213483146051,0.181456928838936
-0.693561797752893,-0.672318352060007,-0.651074906367122,-0.629831460674236,-0.608588014981351,-0.587344569288465,-0.56610112359558,-0.544857677902694,-0.523614232209809,-0.502370786516923,-0.481127340824037,-0.459883895131152,-0.438640449438266,-0.417397003745381,-0.396153558052495,-0.37491011235961,-0.353666666666724,-0.332423220973839,-0.311179775280953,-0.289936329588068,-0.268692883895182,-0.247449438202297,-0.226205992509411,-0.204962546816526,-0.18371910112364,-0.162475655430755,-0.141232209737869,-0.119988764044984,-0.0987453183520984,-0.0775018726592128,-0.0562584269663273,-0.0350149812734418,-0.0137715355805563,0.00747191011232914,0.0287153558052147,0.0499588014981002,0.0712022471909857,0.0924456928838712,0.113689138576757,0.134932584269642,0.156176029962528
